"UseCase","DeclarationFiles","DeclarationCount","TotalMatches","References","SafeToRemove"
"AddStudentToClassUseCase","D:\workspace\Particular\Repositórios\school-management\school-management-api\SchoolManagement.Application\ClassGroups\ManageClassStudentsUseCases.cs","1","3","2","NO"
"ApproveProfileChangeRequestUseCase","D:\workspace\Particular\Repositórios\school-management\school-management-api\SchoolManagement.Application\Portal\ApproveProfileChangeRequestUseCase.cs","1","3","2","NO"
"AssignPermissionToRoleUseCase","D:\workspace\Particular\Repositórios\school-management\school-management-api\SchoolManagement.Application\Roles\AssignPermissionToRoleUseCase.cs","1","2","1","NO"
"AssignTeacherToEntryUseCase","D:\workspace\Particular\Repositórios\school-management\school-management-api\SchoolManagement.Application\Scheduling\AssignTeacherToEntryUseCase.cs","1","4","3","NO"
"AttendanceReportByClassPagedUseCase","D:\workspace\Particular\Repositórios\school-management\school-management-api\SchoolManagement.Application\AttendanceReportByClassPagedUseCase.cs","1","4","3","NO"
"AttendanceReportByClassUseCase","D:\workspace\Particular\Repositórios\school-management\school-management-api\SchoolManagement.Application\Attendance\AttendanceUseCases.cs","1","3","2","NO"
"AttendanceReportByStudentUseCase","D:\workspace\Particular\Repositórios\school-management\school-management-api\SchoolManagement.Application\Attendance\AttendanceUseCases.cs","1","5","4","NO"
"AttendanceReportByTeacherUseCase","D:\workspace\Particular\Repositórios\school-management\school-management-api\SchoolManagement.Application\Attendance\AttendanceReportByTeacherUseCase.cs","1","5","4","NO"
"BulkAssignTeachersUseCase","D:\workspace\Particular\Repositórios\school-management\school-management-api\SchoolManagement.Application\ClassGroups\BulkAssignTeachersUseCase.cs","1","4","3","NO"
"BulkEnrollStudentsUseCase","D:\workspace\Particular\Repositórios\school-management\school-management-api\SchoolManagement.Application\ClassGroups\BulkEnrollStudentsUseCase.cs","1","4","3","NO"
"BulkUpdateStudentsUseCase","D:\workspace\Particular\Repositórios\school-management\school-management-api\SchoolManagement.Application\Students\BulkUpdateStudentsUseCase.cs","1","4","3","NO"
"CancelNoticeScheduleUseCase","D:\workspace\Particular\Repositórios\school-management\school-management-api\SchoolManagement.Application\Notices\CancelNoticeScheduleUseCase.cs","1","2","1","NO"
"CancelTenantSubscriptionUseCase","D:\workspace\Particular\Repositórios\school-management\school-management-api\SchoolManagement.Application\Subscriptions\TenantSubscriptionUseCases.cs","1","4","3","NO"
"CheckSubscriptionFeatureUseCase","D:\workspace\Particular\Repositórios\school-management\school-management-api\SchoolManagement.Application\Subscriptions\TenantSubscriptionUseCases.cs","1","4","3","NO"
"ClearSearchHistoryUseCase","D:\workspace\Particular\Repositórios\school-management\school-management-api\SchoolManagement.Application\UseCases\ClearSearchHistoryUseCase.cs","1","4","3","NO"
"CopyAcademicYearUseCase","D:\workspace\Particular\Repositórios\school-management\school-management-api\SchoolManagement.Application\AcademicYears\CopyAcademicYearUseCase.cs","1","15","14","NO"
"CopyClassGroupUseCase","D:\workspace\Particular\Repositórios\school-management\school-management-api\SchoolManagement.Application\ClassGroups\CopyClassGroupUseCase.cs","1","2","1","NO"
"CopyClassroomUseCase","D:\workspace\Particular\Repositórios\school-management\school-management-api\SchoolManagement.Application\Classrooms\CopyClassroomUseCase.cs","1","5","4","NO"
"CopyCourseUseCase","D:\workspace\Particular\Repositórios\school-management\school-management-api\SchoolManagement.Application\Courses\CopyCourseUseCase.cs","1","2","1","NO"
"CreateAcademicYearUseCase","D:\workspace\Particular\Repositórios\school-management\school-management-api\SchoolManagement.Application\AcademicYears\CreateAcademicYearUseCase.cs","1","4","3","NO"
"CreateAnnouncementUseCase","D:\workspace\Particular\Repositórios\school-management\school-management-api\SchoolManagement.Application\Announcements\CreateAnnouncementUseCase.cs","1","2","1","NO"
"CreateAssessmentUseCase","D:\workspace\Particular\Repositórios\school-management\school-management-api\SchoolManagement.Application\Assessments\AssessmentUseCases.cs","1","2","1","NO"
"CreateAssetUseCase","D:\workspace\Particular\Repositórios\school-management\school-management-api\SchoolManagement.Application\Assets\CreateAssetUseCase.cs","1","4","3","NO"
"CreateAssignmentUseCase","D:\workspace\Particular\Repositórios\school-management\school-management-api\SchoolManagement.Application\CreateAssignmentUseCase.cs","1","2","1","NO"
"CreateClassGroupUseCase","D:\workspace\Particular\Repositórios\school-management\school-management-api\SchoolManagement.Application\ClassGroups\CreateClassGroupUseCase.cs","1","5","4","NO"
"CreateClassroomBookingUseCase","D:\workspace\Particular\Repositórios\school-management\school-management-api\SchoolManagement.Application\ClassroomBookings\CreateClassroomBookingUseCase.cs","1","2","1","NO"
"CreateClassroomUseCase","D:\workspace\Particular\Repositórios\school-management\school-management-api\SchoolManagement.Application\Classrooms\CreateClassroomUseCase.cs","1","5","4","NO"
"CreateClassScheduleUseCase","D:\workspace\Particular\Repositórios\school-management\school-management-api\SchoolManagement.Application\ClassGroups\ManageClassSchedulesUseCases.cs","1","5","4","NO"
"CreateCommunicationTemplateUseCase","D:\workspace\Particular\Repositórios\school-management\school-management-api\SchoolManagement.Application\UseCases\Communications\CreateCommunicationTemplateUseCase.cs","1","4","3","NO"
"CreateDocumentUseCase","D:\workspace\Particular\Repositórios\school-management\school-management-api\SchoolManagement.Application\CreateDocumentUseCase.cs","1","2","1","NO"
"CreateEventUseCase","D:\workspace\Particular\Repositórios\school-management\school-management-api\SchoolManagement.Application\Events\CreateEventUseCase.cs","1","2","1","NO"
"CreateGuardianUseCase","D:\workspace\Particular\Repositórios\school-management\school-management-api\SchoolManagement.Application\Guardians\CreateGuardianUseCase.cs","1","5","4","NO"
"CreateInstallmentUseCase","D:\workspace\Particular\Repositórios\school-management\school-management-api\SchoolManagement.Application\CreateInstallmentUseCase.cs","1","3","2","NO"
"CreateModuleUseCase","D:\workspace\Particular\Repositórios\school-management\school-management-api\SchoolManagement.Application\ModuleAccess\CreateModuleUseCase.cs","1","5","4","NO"
"CreateNoticeUseCase","D:\workspace\Particular\Repositórios\school-management\school-management-api\SchoolManagement.Application\Notices\CreateNoticeUseCase.cs","1","2","1","NO"
"CreateNotificationRuleUseCase","D:\workspace\Particular\Repositórios\school-management\school-management-api\SchoolManagement.Application\UseCases\CreateNotificationRuleUseCase.cs","1","2","1","NO"
"CreateNotificationTemplateUseCase","D:\workspace\Particular\Repositórios\school-management\school-management-api\SchoolManagement.Application\UseCases\CreateNotificationTemplateUseCase.cs","1","2","1","NO"
"CreatePermissionUseCase","D:\workspace\Particular\Repositórios\school-management\school-management-api\SchoolManagement.Application\Permissions\CreatePermissionUseCase.cs","1","2","1","NO"
"CreatePlanUseCase","D:\workspace\Particular\Repositórios\school-management\school-management-api\SchoolManagement.Application\CreatePlanUseCase.cs","1","11","10","NO"
"CreateRoleUseCase","D:\workspace\Particular\Repositórios\school-management\school-management-api\SchoolManagement.Application\Roles\CreateRoleUseCase.cs","1","2","1","NO"
"CreateSchoolUnitUseCase","D:\workspace\Particular\Repositórios\school-management\school-management-api\SchoolManagement.Application\SchoolUnits\CreateSchoolUnitUseCase.cs","1","6","5","NO"
"CreateServiceUseCase","D:\workspace\Particular\Repositórios\school-management\school-management-api\SchoolManagement.Application\Services\CreateServiceUseCase.cs","1","4","3","NO"
"CreateStaffUseCase","D:\workspace\Particular\Repositórios\school-management\school-management-api\SchoolManagement.Application\Staff\CreateStaffUseCase.cs","1","8","7","NO"
"CreateStudentGuardianUseCase","D:\workspace\Particular\Repositórios\school-management\school-management-api\SchoolManagement.Application\StudentGuardians\CreateStudentGuardianUseCase.cs","1","5","4","NO"
"CreateStudentPlanUseCase","D:\workspace\Particular\Repositórios\school-management\school-management-api\SchoolManagement.Application\StudentPlans\CreateStudentPlanUseCase.cs","1","5","4","NO"
"CreateStudentUseCase","D:\workspace\Particular\Repositórios\school-management\school-management-api\SchoolManagement.Application\CreateStudentUseCase.cs","1","11","10","NO"
"CreateSubscriptionPlanUseCase","D:\workspace\Particular\Repositórios\school-management\school-management-api\SchoolManagement.Application\Subscriptions\SubscriptionPlanUseCases.cs","1","4","3","NO"
"CreateTenantSubscriptionUseCase","D:\workspace\Particular\Repositórios\school-management\school-management-api\SchoolManagement.Application\Subscriptions\TenantSubscriptionUseCases.cs","1","4","3","NO"
"CreateTimetableTemplateUseCase","D:\workspace\Particular\Repositórios\school-management\school-management-api\SchoolManagement.Application\Timetabling\CreateTimetableTemplateUseCase.cs","1","4","3","NO"
"CreateWaitlistEntryUseCase","D:\workspace\Particular\Repositórios\school-management\school-management-api\SchoolManagement.Application\Waitlist\CreateWaitlistEntryUseCase.cs","1","2","1","NO"
"DeleteAcademicYearUseCase","D:\workspace\Particular\Repositórios\school-management\school-management-api\SchoolManagement.Application\AcademicYears\DeleteAcademicYearUseCase.cs","1","4","3","NO"
"DeleteAnnouncementUseCase","D:\workspace\Particular\Repositórios\school-management\school-management-api\SchoolManagement.Application\Announcements\DeleteAnnouncementUseCase.cs","1","2","1","NO"
"DeleteAssessmentUseCase","D:\workspace\Particular\Repositórios\school-management\school-management-api\SchoolManagement.Application\Assessments\AssessmentUseCases.cs","1","2","1","NO"
"DeleteAssetUseCase","D:\workspace\Particular\Repositórios\school-management\school-management-api\SchoolManagement.Application\Assets\DeleteAssetUseCase.cs","1","2","1","NO"
"DeleteAttendanceUseCase","D:\workspace\Particular\Repositórios\school-management\school-management-api\SchoolManagement.Application\Attendance\AttendanceUseCases.cs","1","3","2","NO"
"DeleteClassGroupUseCase","D:\workspace\Particular\Repositórios\school-management\school-management-api\SchoolManagement.Application\ClassGroups\DeleteClassGroupUseCase.cs","1","3","2","NO"
"DeleteClassroomBookingUseCase","D:\workspace\Particular\Repositórios\school-management\school-management-api\SchoolManagement.Application\ClassroomBookings\DeleteClassroomBookingUseCase.cs","1","2","1","NO"
"DeleteClassroomUseCase","D:\workspace\Particular\Repositórios\school-management\school-management-api\SchoolManagement.Application\Classrooms\DeleteClassroomUseCase.cs","1","2","1","NO"
"DeleteClassScheduleUseCase","D:\workspace\Particular\Repositórios\school-management\school-management-api\SchoolManagement.Application\ClassGroups\ManageClassSchedulesUseCases.cs","1","3","2","NO"
"DeleteCommunicationTemplateUseCase","D:\workspace\Particular\Repositórios\school-management\school-management-api\SchoolManagement.Application\UseCases\Communications\DeleteCommunicationTemplateUseCase.cs","1","2","1","NO"
"DeleteEventUseCase","D:\workspace\Particular\Repositórios\school-management\school-management-api\SchoolManagement.Application\Events\DeleteEventUseCase.cs","1","2","1","NO"
"DeleteGradeUseCase","D:\workspace\Particular\Repositórios\school-management\school-management-api\SchoolManagement.Application\Assessments\AssessmentUseCases.cs","1","4","3","NO"
"DeleteGuardianUseCase","D:\workspace\Particular\Repositórios\school-management\school-management-api\SchoolManagement.Application\Guardians\DeleteGuardianUseCase.cs","1","5","4","NO"
"DeleteNoticeUseCase","D:\workspace\Particular\Repositórios\school-management\school-management-api\SchoolManagement.Application\Notices\DeleteNoticeUseCase.cs","1","2","1","NO"
"DeleteNotificationRuleUseCase","D:\workspace\Particular\Repositórios\school-management\school-management-api\SchoolManagement.Application\UseCases\DeleteNotificationRuleUseCase.cs","1","2","1","NO"
"DeleteNotificationTemplateUseCase","D:\workspace\Particular\Repositórios\school-management\school-management-api\SchoolManagement.Application\UseCases\DeleteNotificationTemplateUseCase.cs","1","2","1","NO"
"DeletePermissionUseCase","D:\workspace\Particular\Repositórios\school-management\school-management-api\SchoolManagement.Application\Permissions\DeletePermissionUseCase.cs","1","2","1","NO"
"DeletePlanUseCase","D:\workspace\Particular\Repositórios\school-management\school-management-api\SchoolManagement.Application\DeletePlanUseCase.cs","1","5","4","NO"
"DeleteRoleUseCase","D:\workspace\Particular\Repositórios\school-management\school-management-api\SchoolManagement.Application\Roles\DeleteRoleUseCase.cs","1","2","1","NO"
"DeleteSchoolUnitUseCase","D:\workspace\Particular\Repositórios\school-management\school-management-api\SchoolManagement.Application\SchoolUnits\DeleteSchoolUnitUseCase.cs","1","2","1","NO"
"DeleteServiceUseCase","D:\workspace\Particular\Repositórios\school-management\school-management-api\SchoolManagement.Application\Services\DeleteServiceUseCase.cs","1","2","1","NO"
"DeleteStaffUseCase","D:\workspace\Particular\Repositórios\school-management\school-management-api\SchoolManagement.Application\Staff\DeleteStaffUseCase.cs","1","5","4","NO"
"DeleteStudentGuardianUseCase","D:\workspace\Particular\Repositórios\school-management\school-management-api\SchoolManagement.Application\StudentGuardians\DeleteStudentGuardianUseCase.cs","1","5","4","NO"
"DeleteStudentPlanUseCase","D:\workspace\Particular\Repositórios\school-management\school-management-api\SchoolManagement.Application\StudentPlans\DeleteStudentPlanUseCase.cs","1","5","4","NO"
"DeleteStudentUseCase","D:\workspace\Particular\Repositórios\school-management\school-management-api\SchoolManagement.Application\DeleteStudentUseCase.cs","1","3","2","NO"
"DeleteSubscriptionPlanUseCase","D:\workspace\Particular\Repositórios\school-management\school-management-api\SchoolManagement.Application\Subscriptions\SubscriptionPlanUseCases.cs","1","4","3","NO"
"DeleteTimetableTemplateUseCase","D:\workspace\Particular\Repositórios\school-management\school-management-api\SchoolManagement.Application\Timetabling\DeleteTimetableTemplateUseCase.cs","1","4","3","NO"
"ExecuteImportUseCase","D:\workspace\Particular\Repositórios\school-management\school-management-api\SchoolManagement.Application\Import\ExecuteImportUseCase.cs","1","2","1","NO"
"GenerateTimetableUseCase","D:\workspace\Particular\Repositórios\school-management\school-management-api\SchoolManagement.Application\Scheduling\GenerateTimetableUseCase.cs","1","2","1","NO"
"GetAcademicYearByIdUseCase","D:\workspace\Particular\Repositórios\school-management\school-management-api\SchoolManagement.Application\AcademicYears\GetAcademicYearByIdUseCase.cs","1","2","1","NO"
"GetActiveAcademicYearUseCase","D:\workspace\Particular\Repositórios\school-management\school-management-api\SchoolManagement.Application\AcademicYears\GetActiveAcademicYearUseCase.cs","1","2","1","NO"
"GetAnnouncementByIdUseCase","D:\workspace\Particular\Repositórios\school-management\school-management-api\SchoolManagement.Application\Announcements\GetAnnouncementByIdUseCase.cs","1","2","1","NO"
"GetAssetByIdUseCase","D:\workspace\Particular\Repositórios\school-management\school-management-api\SchoolManagement.Application\Assets\GetAssetByIdUseCase.cs","1","6","5","NO"
"GetClassGradesReportUseCase","D:\workspace\Particular\Repositórios\school-management\school-management-api\SchoolManagement.Application\Assessments\ReportUseCases.cs","1","4","3","NO"
"GetClassGroupByIdUseCase","D:\workspace\Particular\Repositórios\school-management\school-management-api\SchoolManagement.Application\ClassGroups\GetClassGroupByIdUseCase.cs","1","3","2","NO"
"GetClassroomBookingByIdUseCase","D:\workspace\Particular\Repositórios\school-management\school-management-api\SchoolManagement.Application\ClassroomBookings\GetClassroomBookingByIdUseCase.cs","1","2","1","NO"
"GetClassroomByIdUseCase","D:\workspace\Particular\Repositórios\school-management\school-management-api\SchoolManagement.Application\Classrooms\GetClassroomByIdUseCase.cs","1","2","1","NO"
"GetCommunicationLogsUseCase","D:\workspace\Particular\Repositórios\school-management\school-management-api\SchoolManagement.Application\UseCases\Communications\GetCommunicationLogsUseCase.cs","1","4","3","NO"
"GetCommunicationTemplatesUseCase","D:\workspace\Particular\Repositórios\school-management\school-management-api\SchoolManagement.Application\UseCases\Communications\GetCommunicationTemplatesUseCase.cs","1","2","1","NO"
"GetEventByIdUseCase","D:\workspace\Particular\Repositórios\school-management\school-management-api\SchoolManagement.Application\Events\GetEventByIdUseCase.cs","1","2","1","NO"
"GetGuardianByCpfUseCase","D:\workspace\Particular\Repositórios\school-management\school-management-api\SchoolManagement.Application\Guardians\GetGuardianByCpfUseCase.cs","1","5","4","NO"
"GetGuardianByIdUseCase","D:\workspace\Particular\Repositórios\school-management\school-management-api\SchoolManagement.Application\Guardians\GetGuardianByIdUseCase.cs","1","5","4","NO"
"GetImportJobUseCase","D:\workspace\Particular\Repositórios\school-management\school-management-api\SchoolManagement.Application\Import\GetImportJobUseCase.cs","1","2","1","NO"
"GetImportTemplateUseCase","D:\workspace\Particular\Repositórios\school-management\school-management-api\SchoolManagement.Application\Import\GetImportTemplateUseCase.cs","1","1","0","YES"
"GetModulesForRoleUseCase","D:\workspace\Particular\Repositórios\school-management\school-management-api\SchoolManagement.Application\ModuleAccess\GetModulesForRoleUseCase.cs","1","5","4","NO"
"GetNoticeByIdUseCase","D:\workspace\Particular\Repositórios\school-management\school-management-api\SchoolManagement.Application\Notices\GetNoticeByIdUseCase.cs","1","2","1","NO"
"GetNotificationRuleByIdUseCase","D:\workspace\Particular\Repositórios\school-management\school-management-api\SchoolManagement.Application\UseCases\GetNotificationRuleByIdUseCase.cs","1","2","1","NO"
"GetNotificationRulesUseCase","D:\workspace\Particular\Repositórios\school-management\school-management-api\SchoolManagement.Application\UseCases\GetNotificationRulesUseCase.cs","1","2","1","NO"
"GetNotificationTemplateByIdUseCase","D:\workspace\Particular\Repositórios\school-management\school-management-api\SchoolManagement.Application\UseCases\GetNotificationTemplateByIdUseCase.cs","1","2","1","NO"
"GetNotificationTemplatesUseCase","D:\workspace\Particular\Repositórios\school-management\school-management-api\SchoolManagement.Application\UseCases\GetNotificationTemplatesUseCase.cs","1","2","1","NO"
"GetPermissionByIdUseCase","D:\workspace\Particular\Repositórios\school-management\school-management-api\SchoolManagement.Application\Permissions\GetPermissionByIdUseCase.cs","1","2","1","NO"
"GetPlanByIdUseCase","D:\workspace\Particular\Repositórios\school-management\school-management-api\SchoolManagement.Application\GetPlanByIdUseCase.cs","1","5","4","NO"
"GetPortalFinancialDataUseCase","D:\workspace\Particular\Repositórios\school-management\school-management-api\SchoolManagement.Application\Portal\GetPortalFinancialDataUseCase.cs","1","3","2","NO"
"GetPortalProfileUseCase","D:\workspace\Particular\Repositórios\school-management\school-management-api\SchoolManagement.Application\Portal\GetPortalProfileUseCase.cs","1","3","2","NO"
"GetRoleByIdUseCase","D:\workspace\Particular\Repositórios\school-management\school-management-api\SchoolManagement.Application\Roles\GetRoleByIdUseCase.cs","1","2","1","NO"
"GetSchoolUnitByIdUseCase","D:\workspace\Particular\Repositórios\school-management\school-management-api\SchoolManagement.Application\SchoolUnits\GetSchoolUnitByIdUseCase.cs","1","2","1","NO"
"GetSearchHistoryUseCase","D:\workspace\Particular\Repositórios\school-management\school-management-api\SchoolManagement.Application\UseCases\GetSearchHistoryUseCase.cs","1","4","3","NO"
"GetServiceUseCase","D:\workspace\Particular\Repositórios\school-management\school-management-api\SchoolManagement.Application\Services\GetServiceUseCase.cs","1","2","1","NO"
"GetStaffByIdUseCase","D:\workspace\Particular\Repositórios\school-management\school-management-api\SchoolManagement.Application\Staff\GetStaffByIdUseCase.cs","1","5","4","NO"
"GetStudentByCpfUseCase","D:\workspace\Particular\Repositórios\school-management\school-management-api\SchoolManagement.Application\GetStudentByCpfUseCase.cs","1","5","4","NO"
"GetStudentReportCardUseCase","D:\workspace\Particular\Repositórios\school-management\school-management-api\SchoolManagement.Application\Assessments\ReportUseCases.cs","1","8","7","NO"
"GetSubscriptionPlanUseCase","D:\workspace\Particular\Repositórios\school-management\school-management-api\SchoolManagement.Application\Subscriptions\SubscriptionPlanUseCases.cs","1","4","3","NO"
"GetSubscriptionUsageUseCase","D:\workspace\Particular\Repositórios\school-management\school-management-api\SchoolManagement.Application\Subscriptions\TenantSubscriptionUseCases.cs","1","4","3","NO"
"GetTenantSubscriptionUseCase","D:\workspace\Particular\Repositórios\school-management\school-management-api\SchoolManagement.Application\Subscriptions\TenantSubscriptionUseCases.cs","1","7","6","NO"
"GetTimetableTemplateByIdUseCase","D:\workspace\Particular\Repositórios\school-management\school-management-api\SchoolManagement.Application\Timetabling\GetTimetableTemplateByIdUseCase.cs","1","2","1","NO"
"GetWaitlistEntryUseCase","D:\workspace\Particular\Repositórios\school-management\school-management-api\SchoolManagement.Application\Waitlist\GetWaitlistEntryUseCase.cs","1","2","1","NO"
"GrantModuleAccessUseCase","D:\workspace\Particular\Repositórios\school-management\school-management-api\SchoolManagement.Application\ModuleAccess\GrantModuleAccessUseCase.cs","1","5","4","NO"
"ImportStudentsUseCase","D:\workspace\Particular\Repositórios\school-management\school-management-api\SchoolManagement.Application\ImportStudentsUseCase.cs","1","7","6","NO"
"ListAcademicYearsUseCase","D:\workspace\Particular\Repositórios\school-management\school-management-api\SchoolManagement.Application\AcademicYears\ListAcademicYearsUseCase.cs","1","4","3","NO"
"ListAnnouncementsUseCase","D:\workspace\Particular\Repositórios\school-management\school-management-api\SchoolManagement.Application\Announcements\ListAnnouncementsUseCase.cs","1","2","1","NO"
"ListAssessmentsByClassUseCase","D:\workspace\Particular\Repositórios\school-management\school-management-api\SchoolManagement.Application\Assessments\AssessmentUseCases.cs","1","2","1","NO"
"ListAssetsUseCase","D:\workspace\Particular\Repositórios\school-management\school-management-api\SchoolManagement.Application\Assets\ListAssetsUseCase.cs","1","6","5","NO"
"ListAssignmentsUseCase","D:\workspace\Particular\Repositórios\school-management\school-management-api\SchoolManagement.Application\ListAssignmentsUseCase.cs","1","2","1","NO"
"ListAttendanceByClassUseCase","D:\workspace\Particular\Repositórios\school-management\school-management-api\SchoolManagement.Application\Attendance\AttendanceUseCases.cs","1","3","2","NO"
"ListAvailableTeachersUseCase","D:\workspace\Particular\Repositórios\school-management\school-management-api\SchoolManagement.Application\Scheduling\ListAvailableTeachersUseCase.cs","1","2","1","NO"
"ListClassGroupsUseCase","D:\workspace\Particular\Repositórios\school-management\school-management-api\SchoolManagement.Application\ClassGroups\ListClassGroupsUseCase.cs","1","3","2","NO"
"ListClassroomBookingsUseCase","D:\workspace\Particular\Repositórios\school-management\school-management-api\SchoolManagement.Application\ClassroomBookings\ListClassroomBookingsUseCase.cs","1","2","1","NO"
"ListClassroomsUseCase","D:\workspace\Particular\Repositórios\school-management\school-management-api\SchoolManagement.Application\Classrooms\ListClassroomsUseCase.cs","1","2","1","NO"
"ListClassSchedulesUseCase","D:\workspace\Particular\Repositórios\school-management\school-management-api\SchoolManagement.Application\ClassGroups\ManageClassSchedulesUseCases.cs","1","3","2","NO"
"ListDocumentsUseCase","D:\workspace\Particular\Repositórios\school-management\school-management-api\SchoolManagement.Application\ListDocumentsUseCase.cs","1","2","1","NO"
"ListEventsUseCase","D:\workspace\Particular\Repositórios\school-management\school-management-api\SchoolManagement.Application\Events\ListEventsUseCase.cs","1","2","1","NO"
"ListGradesByAssessmentUseCase","D:\workspace\Particular\Repositórios\school-management\school-management-api\SchoolManagement.Application\Assessments\AssessmentUseCases.cs","1","5","4","NO"
"ListGradesByStudentUseCase","D:\workspace\Particular\Repositórios\school-management\school-management-api\SchoolManagement.Application\Assessments\AssessmentUseCases.cs","1","5","4","NO"
"ListGuardiansUseCase","D:\workspace\Particular\Repositórios\school-management\school-management-api\SchoolManagement.Application\Guardians\ListGuardiansUseCase.cs","1","7","6","NO"
"ListImportJobsUseCase","D:\workspace\Particular\Repositórios\school-management\school-management-api\SchoolManagement.Application\Import\ListImportJobsUseCase.cs","1","2","1","NO"
"ListModulesUseCase","D:\workspace\Particular\Repositórios\school-management\school-management-api\SchoolManagement.Application\ModuleAccess\ListModulesUseCase.cs","1","7","6","NO"
"ListNoticesUseCase","D:\workspace\Particular\Repositórios\school-management\school-management-api\SchoolManagement.Application\Notices\ListNoticesUseCase.cs","1","2","1","NO"
"ListPermissionsForRoleUseCase","D:\workspace\Particular\Repositórios\school-management\school-management-api\SchoolManagement.Application\Roles\ListPermissionsForRoleUseCase.cs","1","2","1","NO"
"ListPermissionsUseCase","D:\workspace\Particular\Repositórios\school-management\school-management-api\SchoolManagement.Application\Permissions\ListPermissionsUseCase.cs","1","2","1","NO"
"ListPlansUseCase","D:\workspace\Particular\Repositórios\school-management\school-management-api\SchoolManagement.Application\ListPlansUseCase.cs","1","7","6","NO"
"ListPublicNoticesUseCase","D:\workspace\Particular\Repositórios\school-management\school-management-api\SchoolManagement.Application\Notices\ListPublicNoticesUseCase.cs","1","2","1","NO"
"ListRolesUseCase","D:\workspace\Particular\Repositórios\school-management\school-management-api\SchoolManagement.Application\Roles\ListRolesUseCase.cs","1","2","1","NO"
"ListSchoolUnitsUseCase","D:\workspace\Particular\Repositórios\school-management\school-management-api\SchoolManagement.Application\SchoolUnits\ListSchoolUnitsUseCase.cs","1","4","3","NO"
"ListServicesUseCase","D:\workspace\Particular\Repositórios\school-management\school-management-api\SchoolManagement.Application\Services\ListServicesUseCase.cs","1","3","2","NO"
"ListStaffUseCase","D:\workspace\Particular\Repositórios\school-management\school-management-api\SchoolManagement.Application\Staff\ListStaffUseCase.cs","1","5","4","NO"
"ListStudentGradesUseCase","D:\workspace\Particular\Repositórios\school-management\school-management-api\SchoolManagement.Application\Grades\ListStudentGradesUseCase.cs","1","3","2","NO"
"ListStudentGuardiansUseCase","D:\workspace\Particular\Repositórios\school-management\school-management-api\SchoolManagement.Application\StudentGuardians\ListStudentGuardiansUseCase.cs","1","5","4","NO"
"ListStudentPlanInstallmentsUseCase","D:\workspace\Particular\Repositórios\school-management\school-management-api\SchoolManagement.Application\Installments\ListStudentPlanInstallmentsUseCase.cs","1","5","4","NO"
"ListStudentPlansUseCase","D:\workspace\Particular\Repositórios\school-management\school-management-api\SchoolManagement.Application\StudentPlans\ListStudentPlansUseCase.cs","1","5","4","NO"
"ListStudentsInClassUseCase","D:\workspace\Particular\Repositórios\school-management\school-management-api\SchoolManagement.Application\ClassGroups\ManageClassStudentsUseCases.cs","1","3","2","NO"
"ListStudentsUseCase","D:\workspace\Particular\Repositórios\school-management\school-management-api\SchoolManagement.Application\ListStudentsUseCase.cs","1","3","2","NO"
"ListSubscriptionPlansUseCase","D:\workspace\Particular\Repositórios\school-management\school-management-api\SchoolManagement.Application\Subscriptions\SubscriptionPlanUseCases.cs","1","8","7","NO"
"ListTimetableTemplatesUseCase","D:\workspace\Particular\Repositórios\school-management\school-management-api\SchoolManagement.Application\Timetabling\ListTimetableTemplatesUseCase.cs","1","2","1","NO"
"LoginUserUseCase","D:\workspace\Particular\Repositórios\school-management\school-management-api\SchoolManagement.Application\Auth\LoginUserUseCase.cs","1","4","3","NO"
"PayInstallmentUseCase","D:\workspace\Particular\Repositórios\school-management\school-management-api\SchoolManagement.Application\Installments\PayInstallmentUseCase.cs","1","2","1","NO"
"PortalLoginUseCase","D:\workspace\Particular\Repositórios\school-management\school-management-api\SchoolManagement.Application\Portal\PortalLoginUseCase.cs","1","3","2","NO"
"PromoteWaitlistEntryUseCase","D:\workspace\Particular\Repositórios\school-management\school-management-api\SchoolManagement.Application\Waitlist\PromoteWaitlistEntryUseCase.cs","1","2","1","NO"
"PublishNoticeUseCase","D:\workspace\Particular\Repositórios\school-management\school-management-api\SchoolManagement.Application\Notices\PublishNoticeUseCase.cs","1","2","1","NO"
"RecordAttendanceUseCase","D:\workspace\Particular\Repositórios\school-management\school-management-api\SchoolManagement.Application\Attendance\AttendanceUseCases.cs","1","3","2","NO"
"RecordSearchHistoryUseCase","D:\workspace\Particular\Repositórios\school-management\school-management-api\SchoolManagement.Application\UseCases\RecordSearchHistoryUseCase.cs","1","4","3","NO"
"RefreshTokenUseCase","D:\workspace\Particular\Repositórios\school-management\school-management-api\SchoolManagement.Application\Auth\RefreshTokenUseCase.cs","1","4","3","NO"
"RegisterUserUseCase","D:\workspace\Particular\Repositórios\school-management\school-management-api\SchoolManagement.Application\Auth\RegisterUserUseCase.cs","1","4","3","NO"
"RejectProfileChangeRequestUseCase","D:\workspace\Particular\Repositórios\school-management\school-management-api\SchoolManagement.Application\Portal\RejectProfileChangeRequestUseCase.cs","1","3","2","NO"
"RemovePermissionFromRoleUseCase","D:\workspace\Particular\Repositórios\school-management\school-management-api\SchoolManagement.Application\Roles\RemovePermissionFromRoleUseCase.cs","1","2","1","NO"
"RemoveStudentFromClassUseCase","D:\workspace\Particular\Repositórios\school-management\school-management-api\SchoolManagement.Application\ClassGroups\ManageClassStudentsUseCases.cs","1","3","2","NO"
"RemoveWaitlistEntryUseCase","D:\workspace\Particular\Repositórios\school-management\school-management-api\SchoolManagement.Application\Waitlist\RemoveWaitlistEntryUseCase.cs","1","2","1","NO"
"RevokeModuleAccessUseCase","D:\workspace\Particular\Repositórios\school-management\school-management-api\SchoolManagement.Application\ModuleAccess\RevokeModuleAccessUseCase.cs","1","5","4","NO"
"SendCommunicationUseCase","D:\workspace\Particular\Repositórios\school-management\school-management-api\SchoolManagement.Application\UseCases\Communications\SendCommunicationUseCase.cs","1","4","3","NO"
"SendNotificationUseCase","D:\workspace\Particular\Repositórios\school-management\school-management-api\SchoolManagement.Application\UseCases\SendNotificationUseCase.cs","1","2","1","NO"
"SetupWizardUseCase","D:\workspace\Particular\Repositórios\school-management\school-management-api\SchoolManagement.Application\Setup\SetupWizardUseCase.cs","1","5","4","NO"
"TrackSearchAnalyticsUseCase","D:\workspace\Particular\Repositórios\school-management\school-management-api\SchoolManagement.Application\UseCases\TrackSearchAnalyticsUseCase.cs","1","4","3","NO"
"UnassignTeacherFromEntryUseCase","D:\workspace\Particular\Repositórios\school-management\school-management-api\SchoolManagement.Application\Scheduling\UnassignTeacherFromEntryUseCase.cs","1","3","2","NO"
"UpdateAcademicYearUseCase","D:\workspace\Particular\Repositórios\school-management\school-management-api\SchoolManagement.Application\AcademicYears\UpdateAcademicYearUseCase.cs","1","4","3","NO"
"UpdateAnnouncementUseCase","D:\workspace\Particular\Repositórios\school-management\school-management-api\SchoolManagement.Application\Announcements\UpdateAnnouncementUseCase.cs","1","2","1","NO"
"UpdateAssessmentUseCase","D:\workspace\Particular\Repositórios\school-management\school-management-api\SchoolManagement.Application\Assessments\AssessmentUseCases.cs","1","2","1","NO"
"UpdateAssetUseCase","D:\workspace\Particular\Repositórios\school-management\school-management-api\SchoolManagement.Application\Assets\UpdateAssetUseCase.cs","1","2","1","NO"
"UpdateClassGroupUseCase","D:\workspace\Particular\Repositórios\school-management\school-management-api\SchoolManagement.Application\ClassGroups\UpdateClassGroupUseCase.cs","1","3","2","NO"
"UpdateClassroomUseCase","D:\workspace\Particular\Repositórios\school-management\school-management-api\SchoolManagement.Application\Classrooms\UpdateClassroomUseCase.cs","1","2","1","NO"
"UpdateCommunicationTemplateUseCase","D:\workspace\Particular\Repositórios\school-management\school-management-api\SchoolManagement.Application\UseCases\Communications\UpdateCommunicationTemplateUseCase.cs","1","2","1","NO"
"UpdateEventUseCase","D:\workspace\Particular\Repositórios\school-management\school-management-api\SchoolManagement.Application\Events\UpdateEventUseCase.cs","1","2","1","NO"
"UpdateGuardianUseCase","D:\workspace\Particular\Repositórios\school-management\school-management-api\SchoolManagement.Application\Guardians\UpdateGuardianUseCase.cs","1","5","4","NO"
"UpdateModuleUseCase","D:\workspace\Particular\Repositórios\school-management\school-management-api\SchoolManagement.Application\ModuleAccess\UpdateModuleUseCase.cs","1","5","4","NO"
"UpdateNoticeUseCase","D:\workspace\Particular\Repositórios\school-management\school-management-api\SchoolManagement.Application\Notices\UpdateNoticeUseCase.cs","1","2","1","NO"
"UpdateNotificationRuleUseCase","D:\workspace\Particular\Repositórios\school-management\school-management-api\SchoolManagement.Application\UseCases\UpdateNotificationRuleUseCase.cs","1","2","1","NO"
"UpdateNotificationTemplateUseCase","D:\workspace\Particular\Repositórios\school-management\school-management-api\SchoolManagement.Application\UseCases\UpdateNotificationTemplateUseCase.cs","1","2","1","NO"
"UpdatePermissionUseCase","D:\workspace\Particular\Repositórios\school-management\school-management-api\SchoolManagement.Application\Permissions\UpdatePermissionUseCase.cs","1","2","1","NO"
"UpdatePlanUseCase","D:\workspace\Particular\Repositórios\school-management\school-management-api\SchoolManagement.Application\UpdatePlanUseCase.cs","1","5","4","NO"
"UpdatePortalProfileUseCase","D:\workspace\Particular\Repositórios\school-management\school-management-api\SchoolManagement.Application\Portal\UpdatePortalProfileUseCase.cs","1","3","2","NO"
"UpdateRoleUseCase","D:\workspace\Particular\Repositórios\school-management\school-management-api\SchoolManagement.Application\Roles\UpdateRoleUseCase.cs","1","2","1","NO"
"UpdateSchoolUnitUseCase","D:\workspace\Particular\Repositórios\school-management\school-management-api\SchoolManagement.Application\SchoolUnits\UpdateSchoolUnitUseCase.cs","1","2","1","NO"
"UpdateServiceUseCase","D:\workspace\Particular\Repositórios\school-management\school-management-api\SchoolManagement.Application\Services\UpdateServiceUseCase.cs","1","2","1","NO"
"UpdateStaffUseCase","D:\workspace\Particular\Repositórios\school-management\school-management-api\SchoolManagement.Application\Staff\UpdateStaffUseCase.cs","1","5","4","NO"
"UpdateStudentGuardianUseCase","D:\workspace\Particular\Repositórios\school-management\school-management-api\SchoolManagement.Application\StudentGuardians\UpdateStudentGuardianUseCase.cs","1","5","4","NO"
"UpdateStudentPlanUseCase","D:\workspace\Particular\Repositórios\school-management\school-management-api\SchoolManagement.Application\StudentPlans\UpdateStudentPlanUseCase.cs","1","5","4","NO"
"UpdateStudentUseCase","D:\workspace\Particular\Repositórios\school-management\school-management-api\SchoolManagement.Application\UpdateStudentUseCase.cs","1","3","2","NO"
"UpdateSubscriptionPlanUseCase","D:\workspace\Particular\Repositórios\school-management\school-management-api\SchoolManagement.Application\Subscriptions\SubscriptionPlanUseCases.cs","1","4","3","NO"
"UpdateTenantSubscriptionUseCase","D:\workspace\Particular\Repositórios\school-management\school-management-api\SchoolManagement.Application\Subscriptions\TenantSubscriptionUseCases.cs","1","4","3","NO"
"UpdateTimetableTemplateUseCase","D:\workspace\Particular\Repositórios\school-management\school-management-api\SchoolManagement.Application\Timetabling\UpdateTimetableTemplateUseCase.cs","1","4","3","NO"
"UpsertGradeUseCase","D:\workspace\Particular\Repositórios\school-management\school-management-api\SchoolManagement.Application\Assessments\AssessmentUseCases.cs","1","5","4","NO"
"ValidateImportUseCase","D:\workspace\Particular\Repositórios\school-management\school-management-api\SchoolManagement.Application\Import\ValidateImportUseCase.cs","1","2","1","NO"
